{"errors":[],"warnings":[],"namedChunkGroups":{"app":{"chunks":[7,6,1],"assets":["webpack-runtime-9e2f989acdc6dddd28e3.js","webpack-runtime-9e2f989acdc6dddd28e3.js.map","styles.242ecf8bf687783ad99f.css","styles-bd7c4d2c8630ef799b4e.js","styles-bd7c4d2c8630ef799b4e.js.map","app-218ce9d940a602484d16.js","app-218ce9d940a602484d16.js.map"],"children":{},"childAssets":{}},"component---node-modules-gatsby-plugin-offline-app-shell-js":{"chunks":[2],"assets":["component---node-modules-gatsby-plugin-offline-app-shell-js-3ceca3f638caceed205e.js","component---node-modules-gatsby-plugin-offline-app-shell-js-3ceca3f638caceed205e.js.map"],"children":{},"childAssets":{}},"component---src-pages-404-js":{"chunks":[0,3],"assets":["0-a652f3f3bb79a4d489aa.js","0-a652f3f3bb79a4d489aa.js.map","component---src-pages-404-js-49dae6721955e119229a.js","component---src-pages-404-js-49dae6721955e119229a.js.map"],"children":{},"childAssets":{}},"component---src-pages-index-js":{"chunks":[0,8,4],"assets":["0-a652f3f3bb79a4d489aa.js","0-a652f3f3bb79a4d489aa.js.map","8-fd42a505871884d54f78.js","8-fd42a505871884d54f78.js.map","component---src-pages-index-js-4086f598549dc5632ce8.js","component---src-pages-index-js-4086f598549dc5632ce8.js.map"],"children":{},"childAssets":{}},"pages-manifest":{"chunks":[5],"assets":["pages-manifest-e5fdb8779dd7055cdfd2.js","pages-manifest-e5fdb8779dd7055cdfd2.js.map"],"children":{},"childAssets":{}}},"assetsByChunkName":{"app":["webpack-runtime-9e2f989acdc6dddd28e3.js","styles.242ecf8bf687783ad99f.css","styles-bd7c4d2c8630ef799b4e.js","app-218ce9d940a602484d16.js"],"component---node-modules-gatsby-plugin-offline-app-shell-js":["component---node-modules-gatsby-plugin-offline-app-shell-js-3ceca3f638caceed205e.js"],"component---src-pages-404-js":["0-a652f3f3bb79a4d489aa.js","component---src-pages-404-js-49dae6721955e119229a.js"],"component---src-pages-index-js":["0-a652f3f3bb79a4d489aa.js","8-fd42a505871884d54f78.js","component---src-pages-index-js-4086f598549dc5632ce8.js"],"pages-manifest":["pages-manifest-e5fdb8779dd7055cdfd2.js"]}}