{"errors":[],"warnings":[],"namedChunkGroups":{"app":{"chunks":[6,5,1],"assets":["webpack-runtime-3736c8e91a7197138e29.js","webpack-runtime-3736c8e91a7197138e29.js.map","styles.242ecf8bf687783ad99f.css","styles-f5eeb767b7b5f2b14dbd.js","styles-f5eeb767b7b5f2b14dbd.js.map","app-f10cac0d50dd4083f22b.js","app-f10cac0d50dd4083f22b.js.map"],"children":{},"childAssets":{}},"component---node-modules-gatsby-plugin-offline-app-shell-js":{"chunks":[2],"assets":["component---node-modules-gatsby-plugin-offline-app-shell-js-4309d726c2a23ec4ce8e.js","component---node-modules-gatsby-plugin-offline-app-shell-js-4309d726c2a23ec4ce8e.js.map"],"children":{},"childAssets":{}},"component---src-pages-404-js":{"chunks":[0,3],"assets":["0-68348ab602a990dd1383.js","0-68348ab602a990dd1383.js.map","component---src-pages-404-js-266e1e52494a28107db7.js","component---src-pages-404-js-266e1e52494a28107db7.js.map"],"children":{},"childAssets":{}},"component---src-pages-index-js":{"chunks":[0,7,4],"assets":["0-68348ab602a990dd1383.js","0-68348ab602a990dd1383.js.map","7-a57728fad8760433b6fd.js","7-a57728fad8760433b6fd.js.map","component---src-pages-index-js-0faf1a7f3e81eead7b8c.js","component---src-pages-index-js-0faf1a7f3e81eead7b8c.js.map"],"children":{},"childAssets":{}}},"assetsByChunkName":{"app":["webpack-runtime-3736c8e91a7197138e29.js","styles.242ecf8bf687783ad99f.css","styles-f5eeb767b7b5f2b14dbd.js","app-f10cac0d50dd4083f22b.js"],"component---node-modules-gatsby-plugin-offline-app-shell-js":["component---node-modules-gatsby-plugin-offline-app-shell-js-4309d726c2a23ec4ce8e.js"],"component---src-pages-404-js":["0-68348ab602a990dd1383.js","component---src-pages-404-js-266e1e52494a28107db7.js"],"component---src-pages-index-js":["0-68348ab602a990dd1383.js","7-a57728fad8760433b6fd.js","component---src-pages-index-js-0faf1a7f3e81eead7b8c.js"]}}